{
    "heading": {
        "gyro_scale": 1.0065104747598066,
        "converter": {
            "85": 84.04949199566532,
            "86": 84.58663844834167,
            "84": 83.13243133147407,
            "83": 82.64264493841374,
            "82": 80.03139298299575,
            "81": 77.71103514080195,
            "80": 76.85996957845312,
            "79": 76.10866301197332,
            "78": 75.30424121147001,
            "77": 74.48467580411479,
            "76": 73.81139584736898,
            "75": 72.38766490886283,
            "74": 71.63012839653632,
            "73": 70.15005568762238,
            "72": 69.46849102050805,
            "71": 68.02817090813832,
            "70": 67.29853947561404,
            "69": 66.4788620178998,
            "68": 64.78825569354558,
            "67": 64.03777977533217,
            "66": 62.533874472149975,
            "65": 61.65023028079945,
            "64": 59.75896220363912,
            "63": 58.66873373519726,
            "62": 57.44354832803054,
            "61": 56.103047898585714,
            "60": 54.848217436095936,
            "58": 53.678336936015654,
            "57": 52.58837254873253,
            "56": 51.66194045240895,
            "55": 50.79608565336534,
            "54": 50.01797251701782,
            "53": 49.28275700856771,
            "52": 47.529101869557124,
            "51": 46.47608591903159,
            "50": 45.319167629681814,
            "49": 44.32232809136639,
            "47": 43.263444698366584,
            "46": 41.23859108572754,
            "45": 40.323729033002905,
            "43": 39.45993898431409,
            "42": 38.65136701129095,
            "41": 37.971075939459254,
            "40": 36.54851897733726,
            "39": 35.79435588919116,
            "38": 34.91406612276893,
            "36": 33.810411007983795,
            "35": 32.49854174387013,
            "34": 31.09411113583848,
            "33": 29.62427868147043,
            "31": 28.162869514655632,
            "29": 26.802968678237903,
            "27": 25.40072932111119,
            "25": 23.919719051394605,
            "23": 22.6201067711627,
            "20": 21.576662118010372,
            "18": 20.645477107503964,
            "16": 19.778289206556096,
            "14": 19.00790510129727,
            "12": 18.174566596815076,
            "10": 17.17285504338135,
            "8": 16.319631186019674,
            "6": 15.509573019995418,
            "5": 14.571393710789703,
            "3": 13.479784397538156,
            "0": 12.501908695684353,
            "359": 12.184478689649694,
            "357": 12.197409479231323,
            "356": 12.167476636190345,
            "354": 11.60482292583494,
            "355": 12.14730422855296,
            "353": 9.541463484765828,
            "352": 8.454864940134549,
            "351": 7.568749878732037,
            "350": 6.4775348876342855,
            "349": 5.319576813158851,
            "348": 4.179677476379904,
            "347": 2.954240175925455,
            "345": 1.8409372053733466,
            "342": 0.8499914163912483,
            "340": 359.93601063062204,
            "338": 358.97509906356004,
            "335": 357.86153269853,
            "333": 356.52472891201484,
            "330": 355.23659349219156,
            "327": 354.02883498726544,
            "324": 352.81706041972416,
            "323": 351.4953348169954,
            "320": 350.0299934002406,
            "318": 348.67511890967546,
            "315": 347.3018442476415,
            "312": 346.0146184289044,
            "310": 344.73348832288167,
            "307": 343.47076242422685,
            "305": 342.16788046410244,
            "302": 340.9482760891557,
            "300": 339.7218773908968,
            "298": 338.4755300016731,
            "296": 337.3565171919206,
            "294": 336.43752773405305,
            "292": 335.56573887260504,
            "291": 334.61642773387507,
            "289": 333.71495507310914,
            "288": 332.79169792594416,
            "286": 331.80828613612044,
            "284": 330.7445210972425,
            "282": 329.6878167724912,
            "281": 328.45135607458656,
            "279": 327.20172742862417,
            "277": 325.9707907034738,
            "276": 324.67153448450034,
            "274": 323.37534039811237,
            "272": 322.2356731905036,
            "270": 321.10215801965364,
            "268": 319.8658058399982,
            "266": 318.7057233101909,
            "264": 317.60575664457957,
            "262": 316.2918246291747,
            "260": 314.6944371271638,
            "258": 313.33699765981777,
            "257": 312.10991496756856,
            "255": 311.0450295598923,
            "254": 309.99602484624603,
            "252": 309.0096458643443,
            "251": 308.16070833483985,
            "250": 307.45025551394434,
            "249": 306.4123465373625,
            "248": 305.3495568039189,
            "247": 304.0710413253689,
            "246": 302.5916804788284,
            "245": 301.1279032769161,
            "244": 299.719506184182,
            "243": 298.5341830112753,
            "242": 297.4013174914849,
            "240": 296.3209798890988,
            "239": 295.6936357580274,
            "237": 294.810208331254,
            "236": 293.7791322611259,
            "235": 292.62872567480593,
            "234": 291.34565407107334,
            "232": 289.86144052953046,
            "231": 288.26957793227484,
            "230": 286.728604693576,
            "229": 285.4160039928307,
            "228": 284.3597539002975,
            "227": 283.419149451081,
            "226": 282.57059820280375,
            "225": 281.77945553938247,
            "223": 281.06737441038103,
            "222": 280.40262813561077,
            "221": 278.77463250472255,
            "220": 277.8552822258517,
            "219": 275.6658991746325,
            "218": 273.0529781231195,
            "217": 271.4580740988709,
            "216": 269.76443479854595,
            "215": 268.12449509553613,
            "213": 265.25702243871996,
            "211": 264.07628498248675,
            "210": 262.90322731258806,
            "209": 262.11860603852966,
            "208": 260.809741872305,
            "206": 259.51640964898735,
            "205": 258.40839292808016,
            "204": 256.9596380934301,
            "203": 253.39373674641567,
            "202": 251.52848944270568,
            "201": 249.63424366719,
            "200": 247.7340952159398,
            "198": 243.87299265845184,
            "196": 242.03452489442168,
            "195": 240.12194887903846,
            "193": 238.2948163798462,
            "192": 236.523426644955,
            "190": 234.72464888067134,
            "189": 232.9087281485204,
            "188": 231.06818058002213,
            "186": 229.1763039177475,
            "185": 227.1149316597686,
            "184": 225.12574912267118,
            "183": 223.25046229181137,
            "181": 221.61661805656664,
            "180": 220.20270617962336,
            "179": 218.9735058326234,
            "178": 217.97747357158994,
            "177": 217.6689273435151,
            "176": 217.53729471556935,
            "175": 215.91677215209273,
            "174": 214.46953413249545,
            "173": 210.41709258270888,
            "172": 209.0230162348502,
            "171": 207.48588293335015,
            "170": 206.4311178961679,
            "169": 204.41508026558594,
            "168": 202.90137081672344,
            "167": 202.13432963215718,
            "166": 200.40642496243677,
            "165": 198.17163123924067,
            "164": 196.55798674143352,
            "163": 194.1328769947228,
            "162": 193.27644797801108,
            "161": 191.49531261822887,
            "160": 188.2007898251079,
            "159": 187.10751598751236,
            "158": 185.156909417961,
            "157": 184.22767482882355,
            "156": 182.38621010627827,