{
    "accel": {
        "F": 10.0,
        "x": {
            "neg": -9.0,
            "lvl": 0.0,
            "pos": -9.961451822916663
        },
        "y": {
            "neg": -9.9,
            "lvl": -0.1,
            "pos": -9.7
        },
        "z": {
            "neg": -9.9,
            "lvl": -0.021265190972222223,
            "pos": -9.9
        },
        "freq": 100,
        "filter_depth": 1
    },
    "gyro": {
        "bias": {
            "x": 0.013069739492993677,
            "y": 0.007946467001306095,
            "z": 0.020589539576517248
        },
        "freq": 100
    },
    "magne": {
        "F": 1.0,
        "A_1": [
            [
                0.033381247543251544,
                -0.00215591411213667,
                0.0008864596415554916
            ],
            [
                -0.0021559141121366664,
                0.03143854403908026,
                -0.0044441421874113285
            ],
            [
                0.0008864596415554922,
                -0.0044441421874113285,
                0.0332392639941868
            ]
        ],
        "b": [
            [
                0.019343422133887622
            ],
            [
                -7.413978483218601
            ],
            [
                31.46629450958161
            ]
        ],
        "freq": 50,
        "filter_depth": 5
    },
    "imu_pose": [
        [
            0.0,
            0.0,
            -1.0
        ],
        [
            0.0,
            -1.0,
            0.0
        ],
        [
            -1.0,
            0.0,
            0.0
        ]
    ]
}