{
    "Left Enc": {
        "0.2": 0.0,
        "0.25": 0.0,
        "0.3": 0.0,
        "0.35": 0.0,
        "0.4": 0.0,
        "0.45": 0.0
    },
    "Right Enc": {
        "0.2": 1.1741133945974538,
        "0.25": 3.121529638317974,
        "0.3": 4.732461562664292,
        "0.35": 5.870557624004127,
        "0.4": 6.8650122444831085,
        "0.45": 8.204241183763795
    },
    "freq": 8
}