{
    "enc_left": {
        "0.18": 1.0420126491862838,
        "0.22": 2.277037866039463,
        "0.25": 3.224141774353669,
        "0.3": 4.600242562414795,
        "0.35": 5.786812071876867,
        "0.4": 6.936720477958282,
        "0.45": 8.706464241556322,
        "0.5": 8.828002393336972,
        "0.55": 10.0
    },
    "enc_right": {
        "0.18": 1.1101821455752143,
        "0.22": 2.33279628697459,
        "0.25": 3.340972632692898,
        "0.3": 4.7392500772672745,
        "0.35": 5.941015027613248,
        "0.4": 7.204702502518735,
        "0.45": 8.279650530156081,
        "0.5": 9.24703085089116,
        "0.55": 10.5
    },
    "freq": 8
}