{
    "EncoderLeft": {
        "0.1": 3.8908596801063537e-10,
        "0.2": 0.19840747890303398,
        "0.25": 2.1807369523521087,
        "0.3": 3.8195575370163164,
        "0.35": 5.134051559060945,
        "0.4": 6.119602635353632,
        "0.45": 7.345894793158851,
        "0.5": 8.491599569276374
    },
    "EncoderRight": {
        "0.1": 0.0,
        "0.2": 0.2454341126093953,
        "0.25": 2.242701308800556,
        "0.3": 3.909091739251729,
        "0.35": 5.263591097815599,
        "0.4": 6.258500261325362,
        "0.45": 7.554093468953323,
        "0.5": 8.681750068166608
    },
    "DefaultLeft": {
        "0.1": 3.8908596801063537e-10,
        "0.2": 0.19840747890303398,
        "0.25": 2.1807369523521087,
        "0.3": 3.8195575370163164,
        "0.35": 5.134051559060945,
        "0.4": 6.119602635353632,
        "0.45": 7.345894793158851,
        "0.5": 8.491599569276374
    },
    "DefaultRight": {
        "0.1": 0.0,
        "0.2": 0.2454341126093953,
        "0.25": 2.242701308800556,
        "0.3": 3.909091739251729,
        "0.35": 5.263591097815599,
        "0.4": 6.258500261325362,
        "0.45": 7.554093468953323,
        "0.5": 8.681750068166608
    },
    "freq": 8
}